<?xml version="1.0" encoding="UTF-8"?>
<configuration monitorInterval="5">
    <!--日志级别以及优先级排序: OFF > FATAL > ERROR > WARN > INFO > DEBUG > TRACE > ALL -->
    <Properties>
        <property name="LOG_PATTERN" value="%date{HH:mm:ss.SSS} [%thread] %-5level %logger{36} - %msg%n" />
        <!-- 定义日志存储的路径 -->
        <property name="FILE_PATH" value="/var/log/fusion_srv" />
        <property name="FILE_NAME" value="fusion_srv" />
        <!-- log filter properties -->
        <property name="VHF" value="VHF" />
        <property name="UTILS" value="UTILS" />
        <property name="SW" value="SW" />
        <property name="SERV" value="SERV" />
        <property name="SHIP_DYN" value="SHIP_DYN" />
        <property name="SERVICE" value="SERVICE"/>
        <property name="GROUP" value="GROUP"/>

    </Properties>

    <appenders>

        <Console name="Console" target="SYSTEM_OUT">
            <!--输出日志的格式-->
            <PatternLayout pattern="${LOG_PATTERN}" charset="UTF-8"/>
            <!--控制台只输出level及其以上级别的信息（onMatch），其他的直接拒绝（onMismatch）-->
            <ThresholdFilter level="info" onMatch="ACCEPT" onMismatch="DENY"/>
        </Console>

        <!--文件会打印出所有信息，这个log每次运行程序会自动清空，由append属性决定，适合临时测试用-->
        <File name="Filelog" fileName="${FILE_PATH}/test.log" append="false">
            <PatternLayout pattern="${LOG_PATTERN}" charset="UTF-8"/>
        </File>

        <!-- 这个会打印出所有的info及以下级别的信息，每次大小超过size，则这size大小的日志会自动存入按年份-月份建立的文件夹下面并进行压缩，作为存档-->
        <RollingFile name="RollingFileInfo" fileName="${FILE_PATH}/${FILE_NAME}.log" filePattern="${FILE_PATH}/${FILE_NAME}-INFO-%d{yyyy-MM-dd}_%i.log.gz">
            <!--控制台只输出level及以上级别的信息（onMatch），其他的直接拒绝（onMismatch）-->
            <Filters>
                <ThresholdFilter level="debug" onMatch="ACCEPT" onMismatch="DENY"/>
                <MarkerFilter marker="${VHF}" onMatch="NEUTRAL" onMismatch="DENY"/>
                <MarkerFilter marker="${UTILS}" onMatch="NEUTRAL" onMismatch="DENY"/>
                <MarkerFilter marker="${SW}" onMatch="NEUTRAL" onMismatch="DENY"/>
                <MarkerFilter marker="${SERV}" onMatch="NEUTRAL" onMismatch="DENY"/>
                <MarkerFilter marker="${SHIP_DYN}" onMatch="NEUTRAL" onMismatch="DENY"/>
                <MarkerFilter marker="${SERVICE}" onMatch="NEUTRAL" onMismatch="DENY"/>
                <MarkerFilter marker="${GROUP}" onMatch="NEUTRAL" onMismatch="DENY"/>


                <NoMarkerFilter onMatch="ACCEPT" onMismatch="DENY"/>
            </Filters>
            <PatternLayout pattern="${LOG_PATTERN}" charset="UTF-8"/>
            <Policies>
                <!--interval属性用来指定多久滚动一次，默认是1 hour-->
                <TimeBasedTriggeringPolicy interval="1"/>
                <SizeBasedTriggeringPolicy size="10MB"/>
            </Policies>
            <!-- DefaultRolloverStrategy属性如不设置，则默认为最多同一文件夹下7个文件开始覆盖-->
            <DefaultRolloverStrategy max="15"/>
        </RollingFile>
    </appenders>

    <!--Logger节点用来单独指定日志的形式，比如要为指定包下的class指定不同的日志级别等。-->
    <!--然后定义loggers，只有定义了logger并引入的appender，appender才会生效-->
    <loggers>

        <!--过滤掉spring和mybatis的一些无用的DEBUG信息-->
        <logger name="org.mybatis" level="info" additivity="false">
            <AppenderRef ref="Console"/>
        </logger>
        <!--监控系统信息-->
        <!--若是additivity设为false，则 子Logger 只会在自己的appender里输出，而不会在 父Logger 的appender里输出。-->
        <Logger name="org.springframework" level="info" additivity="false">
            <AppenderRef ref="Console"/>
        </Logger>

        <root level="info">
            <appender-ref ref="Console"/>
            <appender-ref ref="Filelog"/>
            <appender-ref ref="RollingFileInfo"/>
        </root>
    </loggers>

</configuration>
